<?xml version="1.0" encoding="UTF-8"?>
<project-private xmlns="http://www.netbeans.org/ns/project-private/1">
    <editor-bookmarks xmlns="http://www.netbeans.org/ns/editor-bookmarks/2" lastBookmarkId="0"/>
    <open-files xmlns="http://www.netbeans.org/ns/projectui-open-files/2">
        <group>
            <file>file:/C:/Users/david/OneDrive/Documentos/NetBeansProjects/Persona_Arq/Persona_Arq-war/web/los%20buenos/PersonaContextMenuView.xhtml</file>
            <file>file:/C:/Users/david/OneDrive/Documentos/NetBeansProjects/Persona_Arq/Persona_Arq-war/src/java/co/edu/javeriana/as/view/ws/WebService.java</file>
        </group>
    </open-files>
</project-private>
